﻿<?xml version="1.0" encoding="utf-8"?>
<TPS_group version="1.0" encoding="UTF-8">
	<Freq_Section ExtractFrequency_MHz="1.000000e+02">
		<Freq Value="1.000000e+01"/>
		<Freq Value="1.000000e+08"/>
		<Freq Value="1.000000e+09"/>
	</Freq_Section>
	<DC_Control_Section ContactRadius_um="4.000000e+01" m_DCSliderPos="2" m_dcMeshBws="true" m_dcMeshVias="true" m_dcPerformAdaptiveRefinement="true" m_dcMinNumPasses="2" m_dcMaxNumPasses="5" m_dcPercentLocalRefinement="20.0" m_dcEnergyError="1.0" m_dcRefineBws="true" m_dcRefineVias="true" m_dcComputeL="0"/>
	<Nets_Section>
		<Net Name="VDD_15"/>
		<Net Name="VSS"/>
	</Nets_Section>
	<PinGroups_Section>
		<PinGroup Name="FCHIP_VDD_15_Group_0">
			<Node Name="n182"/>
			<Node Name="n196"/>
			<Node Name="n197"/>
			<Node Name="n194"/>
		</PinGroup>
		<PinGroup Name="FCHIP_VDD_15_Group_1">
			<Node Name="n199"/>
			<Node Name="n183"/>
			<Node Name="n198"/>
			<Node Name="n195"/>
		</PinGroup>
		<PinGroup Name="FCHIP_VDD_15_Group_2">
			<Node Name="n200"/>
			<Node Name="n201"/>
			<Node Name="n238"/>
			<Node Name="n306"/>
		</PinGroup>
		<PinGroup Name="FCHIP_VDD_15_Group_3">
			<Node Name="n236"/>
			<Node Name="n237"/>
			<Node Name="n279"/>
			<Node Name="n339"/>
		</PinGroup>
		<PinGroup Name="Group_COMP1_part_COMP1_VDD_15_1">
			<Node Name="n340"/>
		</PinGroup>
		<PinGroup Name="FCHIP_VSS_Group_0">
			<Node Name="n97"/>
			<Node Name="n102"/>
			<Node Name="n68"/>
			<Node Name="n58"/>
			<Node Name="n64"/>
			<Node Name="n93"/>
			<Node Name="n62"/>
			<Node Name="n88"/>
			<Node Name="n54"/>
			<Node Name="n70"/>
			<Node Name="n66"/>
			<Node Name="n86"/>
			<Node Name="n95"/>
			<Node Name="n90"/>
			<Node Name="n60"/>
			<Node Name="n99"/>
			<Node Name="n158"/>
			<Node Name="n154"/>
			<Node Name="n160"/>
			<Node Name="n162"/>
			<Node Name="n164"/>
			<Node Name="n166"/>
			<Node Name="n156"/>
		</PinGroup>
		<PinGroup Name="FCHIP_VSS_Group_1">
			<Node Name="n170"/>
			<Node Name="n176"/>
			<Node Name="n178"/>
			<Node Name="n172"/>
			<Node Name="n168"/>
			<Node Name="n180"/>
			<Node Name="n174"/>
			<Node Name="n78"/>
			<Node Name="n104"/>
			<Node Name="n56"/>
			<Node Name="n74"/>
			<Node Name="n82"/>
			<Node Name="n76"/>
			<Node Name="n84"/>
			<Node Name="n80"/>
			<Node Name="n72"/>
			<Node Name="n109"/>
			<Node Name="n115"/>
			<Node Name="n111"/>
			<Node Name="n113"/>
			<Node Name="n118"/>
			<Node Name="n106"/>
		</PinGroup>
		<PinGroup Name="FCHIP_VSS_Group_2">
			<Node Name="n205"/>
			<Node Name="n210"/>
			<Node Name="n207"/>
			<Node Name="n213"/>
			<Node Name="n215"/>
			<Node Name="n217"/>
			<Node Name="n202"/>
			<Node Name="n239"/>
			<Node Name="n254"/>
			<Node Name="n245"/>
			<Node Name="n257"/>
			<Node Name="n242"/>
			<Node Name="n248"/>
			<Node Name="n251"/>
			<Node Name="n310"/>
			<Node Name="n324"/>
			<Node Name="n321"/>
			<Node Name="n313"/>
			<Node Name="n307"/>
			<Node Name="n318"/>
			<Node Name="n315"/>
			<Node Name="n360"/>
			<Node Name="n362"/>
		</PinGroup>
		<PinGroup Name="FCHIP_VSS_Group_3">
			<Node Name="n227"/>
			<Node Name="n230"/>
			<Node Name="n219"/>
			<Node Name="n224"/>
			<Node Name="n221"/>
			<Node Name="n269"/>
			<Node Name="n232"/>
			<Node Name="n272"/>
			<Node Name="n266"/>
			<Node Name="n234"/>
			<Node Name="n260"/>
			<Node Name="n263"/>
			<Node Name="n336"/>
			<Node Name="n337"/>
			<Node Name="n274"/>
			<Node Name="n277"/>
			<Node Name="n329"/>
			<Node Name="n326"/>
			<Node Name="n330"/>
			<Node Name="n332"/>
			<Node Name="n334"/>
			<Node Name="n364"/>
		</PinGroup>
		<PinGroup Name="Group_COMP1_part_COMP1_VSS_2">
			<Node Name="n341"/>
		</PinGroup>
		<PinGroup Name="BGA_VDD_15_SINK_">
			<Node Name="n184"/>
			<Node Name="n192"/>
			<Node Name="n304"/>
			<Node Name="n280"/>
			<Node Name="n342"/>
			<Node Name="n358"/>
			<Node Name="n152"/>
			<Node Name="n120"/>
		</PinGroup>
		<PinGroup Name="BGA_VSS_SINK_">
			<Node Name="n189"/>
			<Node Name="n186"/>
			<Node Name="n297"/>
			<Node Name="n289"/>
			<Node Name="n282"/>
			<Node Name="n293"/>
			<Node Name="n301"/>
			<Node Name="n285"/>
			<Node Name="n354"/>
			<Node Name="n372"/>
			<Node Name="n378"/>
			<Node Name="n366"/>
			<Node Name="n375"/>
			<Node Name="n351"/>
			<Node Name="n369"/>
			<Node Name="n348"/>
			<Node Name="n344"/>
			<Node Name="n381"/>
			<Node Name="n384"/>
			<Node Name="n399"/>
			<Node Name="n417"/>
			<Node Name="n413"/>
			<Node Name="n388"/>
			<Node Name="n403"/>
			<Node Name="n48"/>
			<Node Name="n42"/>
			<Node Name="n45"/>
			<Node Name="n51"/>
			<Node Name="n14"/>
			<Node Name="n4"/>
			<Node Name="n39"/>
			<Node Name="n0"/>
			<Node Name="n29"/>
			<Node Name="n32"/>
			<Node Name="n17"/>
			<Node Name="n36"/>
			<Node Name="n126"/>
			<Node Name="n133"/>
			<Node Name="n122"/>
			<Node Name="n137"/>
			<Node Name="n129"/>
			<Node Name="n141"/>
			<Node Name="n145"/>
			<Node Name="n148"/>
		</PinGroup>
		<PinGroup Name="SUPER_PORT_PIN_GROUP_FCHIP_FCHIP">
			<Node Name="FCHIP_VSS_Group_0"/>
			<Node Name="FCHIP_VSS_Group_1"/>
			<Node Name="FCHIP_VSS_Group_2"/>
			<Node Name="FCHIP_VSS_Group_3"/>
		</PinGroup>
	</PinGroups_Section>
	<Components_Section>
		<Component Name="COMP1_part_COMP1" Part="COMP1_part">
			<Node Name="n341"/>
			<Node Name="n340"/>
		</Component>
		<Component Name="CSP_BGA_BGA" Part="CSP_BGA">
			<Node Name="n280"/>
			<Node Name="n120"/>
			<Node Name="n184"/>
			<Node Name="n342"/>
			<Node Name="n293"/>
			<Node Name="n304"/>
			<Node Name="n358"/>
			<Node Name="n152"/>
			<Node Name="n192"/>
			<Node Name="n403"/>
			<Node Name="n399"/>
			<Node Name="n148"/>
			<Node Name="n32"/>
			<Node Name="n384"/>
			<Node Name="n122"/>
			<Node Name="n354"/>
			<Node Name="n417"/>
			<Node Name="n413"/>
			<Node Name="n141"/>
			<Node Name="n0"/>
			<Node Name="n344"/>
			<Node Name="n17"/>
			<Node Name="n4"/>
			<Node Name="n289"/>
			<Node Name="n129"/>
			<Node Name="n297"/>
			<Node Name="n137"/>
			<Node Name="n133"/>
			<Node Name="n285"/>
			<Node Name="n381"/>
			<Node Name="n48"/>
			<Node Name="n369"/>
			<Node Name="n145"/>
			<Node Name="n366"/>
			<Node Name="n189"/>
			<Node Name="n14"/>
			<Node Name="n372"/>
			<Node Name="n51"/>
			<Node Name="n45"/>
			<Node Name="n39"/>
			<Node Name="n36"/>
			<Node Name="n29"/>
			<Node Name="n126"/>
			<Node Name="n42"/>
			<Node Name="n351"/>
			<Node Name="n301"/>
			<Node Name="n388"/>
			<Node Name="n282"/>
			<Node Name="n348"/>
			<Node Name="n186"/>
			<Node Name="n375"/>
			<Node Name="n378"/>
		</Component>
		<Component Name="FCHIP_FCHIP" Part="FCHIP">
			<Node Name="n115"/>
			<Node Name="n254"/>
			<Node Name="n266"/>
			<Node Name="n99"/>
			<Node Name="n106"/>
			<Node Name="n97"/>
			<Node Name="n274"/>
			<Node Name="n310"/>
			<Node Name="n251"/>
			<Node Name="n109"/>
			<Node Name="n202"/>
			<Node Name="n154"/>
			<Node Name="n245"/>
			<Node Name="n90"/>
			<Node Name="n307"/>
			<Node Name="n364"/>
			<Node Name="n54"/>
			<Node Name="n239"/>
			<Node Name="n321"/>
			<Node Name="n242"/>
			<Node Name="n86"/>
			<Node Name="n234"/>
			<Node Name="n277"/>
			<Node Name="n248"/>
			<Node Name="n60"/>
			<Node Name="n221"/>
			<Node Name="n269"/>
			<Node Name="n272"/>
			<Node Name="n337"/>
			<Node Name="n207"/>
			<Node Name="n232"/>
			<Node Name="n257"/>
			<Node Name="n213"/>
			<Node Name="n210"/>
			<Node Name="n326"/>
			<Node Name="n215"/>
			<Node Name="n227"/>
			<Node Name="n315"/>
			<Node Name="n313"/>
			<Node Name="n205"/>
			<Node Name="n217"/>
			<Node Name="n360"/>
			<Node Name="n230"/>
			<Node Name="n362"/>
			<Node Name="n88"/>
			<Node Name="n318"/>
			<Node Name="n156"/>
			<Node Name="n334"/>
			<Node Name="n260"/>
			<Node Name="n332"/>
			<Node Name="n330"/>
			<Node Name="n324"/>
			<Node Name="n58"/>
			<Node Name="n224"/>
			<Node Name="n219"/>
			<Node Name="n111"/>
			<Node Name="n74"/>
			<Node Name="n76"/>
			<Node Name="n72"/>
			<Node Name="n118"/>
			<Node Name="n170"/>
			<Node Name="n70"/>
			<Node Name="n102"/>
			<Node Name="n64"/>
			<Node Name="n68"/>
			<Node Name="n180"/>
			<Node Name="n113"/>
			<Node Name="n93"/>
			<Node Name="n158"/>
			<Node Name="n66"/>
			<Node Name="n56"/>
			<Node Name="n160"/>
			<Node Name="n80"/>
			<Node Name="n172"/>
			<Node Name="n62"/>
			<Node Name="n166"/>
			<Node Name="n82"/>
			<Node Name="n178"/>
			<Node Name="n164"/>
			<Node Name="n168"/>
			<Node Name="n84"/>
			<Node Name="n176"/>
			<Node Name="n78"/>
			<Node Name="n174"/>
			<Node Name="n95"/>
			<Node Name="n162"/>
			<Node Name="n104"/>
			<Node Name="n198"/>
			<Node Name="n201"/>
			<Node Name="n238"/>
			<Node Name="n306"/>
			<Node Name="n200"/>
			<Node Name="n329"/>
			<Node Name="n339"/>
			<Node Name="n183"/>
			<Node Name="n182"/>
			<Node Name="n336"/>
			<Node Name="n263"/>
			<Node Name="n237"/>
			<Node Name="n236"/>
			<Node Name="n279"/>
			<Node Name="n199"/>
			<Node Name="n195"/>
			<Node Name="n197"/>
			<Node Name="n194"/>
			<Node Name="n196"/>
		</Component>
	</Components_Section>
	<Ports_Section/>
</TPS_group>
